Email,Name,Company,Address,Completed
lorem.ac.risus@ut.org,Carissa Hendricks,Sed Molestie Sed Foundation,"P.O. Box 448, 4219 Gravida Ave",0
fringilla.euismod.enim@ideratEtiam.org,Sheila Flowers,Est Tempor Foundation,3047 Hymenaeos. Ave,0
felis.Donec.tempor@massaInteger.com,Demetria Gutierrez,Mollis Non Company,497-5870 Eu St.,1
enim@montesnasceturridiculus.co.uk,Reese Gregory,Et Magnis Dis Corporation,8322 Ac Rd.,0
Phasellus@magnaCrasconvallis.org,Dennis Carter,Eu Tellus Phasellus Limited,3850 At Street,0
eleifend.Cras.sed@vulputate.org,Trevor Calhoun,Ornare Lectus LLP,Ap #293-9517 Velit. Avenue,1
sem@Vestibulumanteipsum.edu,Arthur Garcia,Ac Mattis Consulting,8466 Hendrerit Rd.,1
Proin@liberodui.edu,Kaseem Kelley,Sit Corporation,615-2548 Lobortis Road,1
posuere.enim.nisl@liberoet.co.uk,Sophia Saunders,Dolor Limited,264-7110 Bibendum Av.,1
arcu.Vestibulum@ametmetus.net,Lamar Brennan,Libero Est Foundation,Ap #627-5536 Sagittis Rd.,0
ut.cursus@fermentum.edu,Vance Terry,Libero Lacus Corp.,"P.O. Box 448, 5022 Purus. Ave",1
tristique.pharetra.Quisque@In.ca,Tobias Levine,Etiam Imperdiet Consulting,"P.O. Box 348, 7593 Egestas Rd.",0
gravida@convallisligula.net,Michael Gutierrez,Volutpat Nulla Dignissim LLC,Ap #984-8795 Purus Ave,1
turpis.nec.mauris@etultrices.co.uk,Delilah Carr,Sagittis Consulting,215-6440 Tempor Rd.,0
volutpat.Nulla.facilisis@atrisusNunc.org,Madaline Wooten,Quis Lectus Nullam LLP,Ap #530-2540 Nisi. Av.,0
Aliquam.fringilla.cursus@arcu.com,Noble Mccormick,Amet Ultricies Corp.,Ap #100-4016 Libero Avenue,1
libero.est@Quisquepurus.edu,Leonard Ingram,Ridiculus Mus Donec LLP,248-3198 Est Rd.,1
orci@molestietellus.ca,Maggy Lowe,Sit Amet Institute,9404 Purus Street,0
Duis.elementum.dui@Inatpede.org,Chelsea Briggs,Semper Institute,"P.O. Box 229, 4588 Facilisis Rd.",0
tempor.erat@eratvolutpat.net,Janna Pruitt,Venenatis Lacus Etiam Company,"P.O. Box 989, 5703 Augue. Rd.",1
dolor.dapibus@Proindolor.net,Janna Gonzalez,Ultrices Duis Limited,Ap #352-2503 Augue. Rd.,1
Nunc.commodo@cursus.net,Jelani Knowles,Nisl Ltd,"P.O. Box 606, 7303 Nascetur Road",0
nec.mauris@rutrum.ca,Ivan Horton,Suspendisse Dui Fusce Company,414-5502 Nullam St.,1
commodo.tincidunt@nascetur.ca,Aphrodite Tate,Eu Inc.,"365-479 Ut, Avenue",0
risus.at.fringilla@aceleifendvitae.edu,Irma Fuentes,Rutrum Justo LLP,Ap #574-2508 Ornare St.,0
urna.Nullam.lobortis@vehiculaetrutrum.co.uk,Imogene Sandoval,Euismod Ac LLC,Ap #610-3524 Mauris Rd.,1
dignissim.magna@Integermollis.net,Molly Mccormick,Egestas Sed Pharetra Institute,382 Torquent Rd.,0
Morbi@sagittissemper.co.uk,Hilary Wilkerson,Dolor Sit Amet Company,"Ap #314-1943 Non, Rd.",1
sed@Curabiturdictum.net,Gabriel Dudley,Velit Eget Consulting,2388 At Rd.,0
elit.Aliquam@tortorInteger.com,Constance Trevino,Ante Vivamus Incorporated,771-8443 Penatibus Rd.,1
vitae.sodales@Proinnonmassa.ca,Tatum Barton,Mauris A PC,681-8391 Neque Street,0
diam@ametnulla.edu,Martin Dickson,Molestie Limited,705-1509 Lacus. Av.,0
sed.turpis@Pellentesquehabitant.co.uk,Janna Holder,Sit Amet Ltd,"P.O. Box 561, 2498 Dolor Avenue",1
est.mollis.non@Fusce.ca,Mira Mercer,Dictum Phasellus Institute,Ap #194-3418 Quam Rd.,0
eget.laoreet@elitfermentum.ca,Courtney Ingram,Dolor Industries,Ap #661-8923 Enim St.,0
rutrum.justo@pede.ca,Tobias Warren,Enim Condimentum Associates,"929-8158 Tellus, Rd.",0
ac.feugiat@ornare.org,Abraham Barton,Mauris Morbi Non Industries,705-8086 Aliquam Rd.,1
dictum@inlobortis.com,Ursula Goodwin,Leo PC,5895 Duis Rd.,0
ac@molestietellusAenean.co.uk,Yael Cooke,Enim Institute,"P.O. Box 690, 4191 Bibendum St.",1
et@sit.net,Chaim Garrett,Cras Associates,8160 Magna. Road,1
nunc@nequesedsem.co.uk,Branden Fulton,Quam Pellentesque PC,"P.O. Box 241, 149 Placerat Avenue",0
sapien.molestie@ornare.com,Hu Fulton,Nisi Magna Sed LLP,Ap #224-1981 Neque Rd.,1
ac.mattis@arcu.ca,Aline Rosario,Bibendum LLC,1577 Proin Ave,1
non@consequatlectussit.com,Channing Fitzpatrick,Congue A Incorporated,Ap #612-4715 Enim Rd.,1
nulla.ante.iaculis@utpellentesqueeget.org,Helen Richardson,Luctus Institute,217-1609 Gravida. St.,0
turpis@egestaslaciniaSed.ca,Sydnee Wade,Eu Dui Cum Limited,2025 Euismod Rd.,1
tincidunt.aliquam.arcu@blanditatnisi.ca,Zorita Acevedo,Elit Inc.,5238 Vel Avenue,0
aliquet@risusDuisa.ca,Tallulah Thompson,At Industries,8533 Urna Av.,1
quis.arcu.vel@imperdiet.net,Allegra Boyer,Sit Amet Foundation,"P.O. Box 233, 6483 Dui. Road",0
eleifend@sociis.ca,Bernard Terrell,Mauris Vestibulum Corporation,978-7424 Mi Av.,1
orci@sit.co.uk,Keefe Witt,Cum Associates,4007 Dolor St.,1
sem@conubianostraper.com,Raja Hodges,Egestas Sed Limited,Ap #745-6447 Ante Street,0
Nam.consequat@sitametmetus.co.uk,Owen Best,Erat Corp.,7838 Hymenaeos. St.,1
cursus.non@temporarcuVestibulum.ca,Hoyt Franklin,Posuere Cubilia Foundation,Ap #188-6478 Fringilla St.,1
eleifend@disparturientmontes.com,Myra Hall,Rhoncus Institute,8883 Tortor Avenue,0
luctus@ultriciesadipiscingenim.ca,Clinton Koch,Ut LLP,"P.O. Box 968, 4034 Pellentesque, Av.",0
ac.turpis.egestas@ut.net,Lawrence Hill,Metus Company,805-8120 Porttitor Rd.,1
Mauris.ut@diam.co.uk,Byron Fisher,Aliquet Libero Industries,835-2118 Cras St.,0
tincidunt@eratEtiam.edu,Yardley Bryan,Penatibus Institute,"P.O. Box 684, 9440 Lacus. Ave",1
orci.lobortis@vitaeerat.com,Cassidy Palmer,Sed Orci Inc.,"P.O. Box 304, 3530 Nunc. Av.",1
eget.metus@Morbinon.com,Ignacia Barnett,Id Enim Curabitur Consulting,Ap #266-1336 Dictum Avenue,0
fringilla@Integertincidunt.co.uk,Nicholas Mccall,Ut Tincidunt Orci Associates,117-7506 Placerat. Rd.,0
Nulla.eu.neque@Etiamlaoreetlibero.net,Francesca Mccray,Molestie Institute,"P.O. Box 721, 4983 Ante Rd.",1
Cum.sociis@Donecfringilla.co.uk,Nero Craig,Pellentesque Habitant Institute,"Ap #119-7788 Ac, Rd.",0
ac.arcu@molestie.edu,Kaitlin Porter,Pellentesque Ultricies Inc.,"P.O. Box 223, 8095 Fermentum St.",1
sed@urna.org,Blair Glenn,Eu Lacus Foundation,Ap #185-5307 Lectus Av.,0
fermentum@duisemper.net,Philip Williamson,Tempor Diam Dictum Institute,207-773 Ac Avenue,0
Nullam.enim.Sed@aliquetsem.com,Xanthus Craig,Libero Morbi Accumsan LLC,"Ap #757-5058 Eu, Av.",1
Cum@Naminterdum.net,Iliana Atkinson,Ut Molestie Limited,"P.O. Box 847, 9967 Mi Rd.",0
arcu.iaculis.enim@nisl.net,Chadwick Mayo,Mauris Incorporated,Ap #757-7881 Elit Rd.,0
elit.sed.consequat@pellentesquea.co.uk,Wyatt Wallace,Dui Limited,"P.O. Box 533, 2790 Erat Road",0
orci.sem@euismodurna.co.uk,Jesse Snyder,Fermentum Arcu Incorporated,963-4263 Consectetuer Avenue,1
ac.tellus.Suspendisse@euerat.ca,Vivian Mcdonald,Nunc Limited,Ap #462-9007 Quisque St.,0
non.vestibulum.nec@acurna.ca,Fallon Monroe,Elementum At Inc.,"P.O. Box 143, 8554 Nibh. Avenue",1
luctus@Etiambibendumfermentum.ca,Dominique Noel,Tellus Id Incorporated,Ap #491-7134 Donec St.,0
turpis.non@sitametnulla.edu,Kylie Booth,Et Consulting,"P.O. Box 851, 1020 Odio. St.",0
accumsan.convallis@Nuncsollicitudincommodo.ca,Ulla Mckinney,Semper PC,4295 Est. Avenue,1
commodo.auctor@loremDonec.co.uk,Axel Deleon,Pharetra Ut Pharetra LLP,"P.O. Box 519, 9192 Duis Street",1
pellentesque.massa.lobortis@molestiedapibusligula.ca,Bethany Mcclain,Habitant LLP,Ap #436-1090 Felis Rd.,0
arcu@Incondimentum.edu,Ishmael Goodwin,Nibh Aliquam Limited,Ap #759-3291 Urna Ave,0
Suspendisse.non.leo@blanditat.org,Francesca Hubbard,Scelerisque Mollis Limited,156-9942 Sed Rd.,0
sem@Donec.edu,Hilary Allison,Quis Consulting,5911 Eget St.,1
nulla.magna@idnuncinterdum.ca,Willa Casey,Fermentum Risus Consulting,"P.O. Box 809, 2178 Non Street",0
elit.pharetra@Integer.ca,Melissa Armstrong,Fermentum Metus Foundation,845-4260 Venenatis Avenue,0
arcu.Nunc@Integer.co.uk,Fletcher Harvey,Per Conubia Nostra Institute,5123 Posuere Avenue,0
eget.laoreet@SednequeSed.org,Echo Hancock,Cursus LLC,6382 Aliquet. Rd.,1
pellentesque.tellus.sem@estmauris.com,Driscoll Hobbs,Massa Non Ante Corp.,"Ap #574-7952 Amet, Av.",0
Lorem@eu.edu,Ivy Grimes,Et Netus PC,Ap #162-7733 Auctor St.,1
pede.malesuada@gravidaAliquam.org,Garrett Diaz,Lectus Cum Consulting,265-7782 Natoque Av.,0
neque.Nullam@purusDuiselementum.net,Dolan Pena,Vehicula Consulting,835-4795 Fusce Avenue,0
libero.Integer.in@risusodioauctor.org,Jaden Holder,Diam At Corp.,"P.O. Box 384, 605 Lorem. Rd.",1
magna@id.net,Bree Vinson,Quis Massa PC,Ap #418-9709 Sit Road,0
est@Aliquamadipiscinglobortis.co.uk,Chaney Watts,Nec Limited,Ap #972-147 Leo St.,1
ipsum.Suspendisse.non@Aeneaneuismod.co.uk,Iliana Hammond,Quisque Ac Libero PC,"P.O. Box 357, 5343 Mus. Rd.",1
felis.Donec.tempor@etmagnis.ca,Victor Fitzgerald,In Inc.,"448-6273 Non, Rd.",0
dui.nec.urna@consectetuer.net,Martha Tyler,Amet Lorem Semper Inc.,9687 Dui Rd.,0
ornare.libero.at@et.com,Hannah Bradford,Euismod Mauris LLC,"P.O. Box 176, 5538 Rutrum. Avenue",1
velit.Quisque@vitae.co.uk,Claire Spears,Pede Limited,4284 Massa Rd.,1
Aliquam@urnajustofaucibus.org,Colby Kirby,Id Enim Curabitur Limited,"P.O. Box 219, 2481 Malesuada. Rd.",1
elit@nislelementumpurus.edu,Gemma Kaufman,Class Aptent Consulting,Ap #435-5791 Egestas. Road,0